age,responses
68,115.11781168450848
38,103.89843236411431
71,93.78759419458196
91,77.853001128225
24,111.24930918143109
