age,responses
61,105.93901321217508
96,109.18977371608219
50,107.82136300731067
52,100.74564983365191
