age,responses
85,91.64371387589952
56,115.95280802137792
18,103.2950777181536
